{"stats":{"minecraft:picked_up":{"minecraft:crafting_table":5,"minecraft:feather":1,"minecraft:chicken":3,"minecraft:clay_ball":4,"minecraft:andesite":5,"minecraft:leather":2,"minecraft:gunpowder":7,"minecraft:bone":13,"minecraft:bow":3,"minecraft:wheat_seeds":1,"minecraft:iron_ingot":3,"minecraft:beef":3,"minecraft:cooked_chicken":3,"minecraft:copper_ore":2,"minecraft:furnace":6,"minecraft:glow_lichen":1,"minecraft:raw_iron":50,"minecraft:smooth_basalt":1,"minecraft:stone":4,"minecraft:cooked_porkchop":13,"minecraft:torch":6,"minecraft:porkchop":26,"minecraft:dark_oak_log":8,"minecraft:spider_eye":1,"minecraft:arrow":12,"minecraft:rotten_flesh":9,"minecraft:granite":43,"minecraft:mutton":1,"minecraft:coal":129,"minecraft:white_wool":1,"minecraft:cobblestone":108},"minecraft:used":{"minecraft:stone_sword":53,"minecraft:stone_pickaxe":192,"minecraft:wooden_pickaxe":13,"minecraft:shield":22,"minecraft:stone":3,"minecraft:iron_sword":17,"minecraft:iron_chestplate":1,"minecraft:torch":24,"minecraft:crafting_table":6,"minecraft:granite":39,"minecraft:wooden_axe":29,"minecraft:iron_axe":2,"minecraft:iron_pickaxe":51,"minecraft:copper_ore":2,"minecraft:iron_helmet":1,"minecraft:iron_boots":1,"minecraft:smooth_basalt":1,"minecraft:cobblestone":17,"minecraft:porkchop":5,"minecraft:furnace":8,"minecraft:cooked_porkchop":8,"minecraft:andesite":3,"minecraft:iron_leggings":1},"minecraft:mined":{"minecraft:dark_oak_log":8,"minecraft:clay":1,"minecraft:crafting_table":5,"minecraft:torch":1,"minecraft:granite":40,"minecraft:tall_grass":2,"minecraft:cobblestone":4,"minecraft:wall_torch":2,"minecraft:furnace":6,"minecraft:iron_ore":48,"minecraft:andesite":4,"minecraft:grass":3,"minecraft:coal_ore":52,"minecraft:smooth_basalt":1,"minecraft:stone":100,"minecraft:oak_leaves":1},"minecraft:crafted":{"minecraft:cooked_porkchop":8,"minecraft:crafting_table":2,"minecraft:wooden_pickaxe":1,"minecraft:iron_helmet":1,"minecraft:iron_sword":1,"minecraft:furnace":3,"minecraft:air":0,"minecraft:iron_boots":1,"minecraft:iron_chestplate":1,"minecraft:shield":1,"minecraft:iron_axe":1,"minecraft:stick":20,"minecraft:iron_ingot":34,"minecraft:iron_pickaxe":1,"minecraft:stone_pickaxe":2,"minecraft:wooden_axe":1,"minecraft:stone_sword":1,"minecraft:iron_leggings":1,"minecraft:dark_oak_planks":32,"minecraft:torch":20},"minecraft:custom":{"minecraft:interact_with_furnace":37,"minecraft:mob_kills":43,"minecraft:interact_with_crafting_table":21,"minecraft:leave_game":1,"minecraft:time_since_death":38661,"minecraft:climb_one_cm":94,"minecraft:time_since_rest":38661,"minecraft:sprint_one_cm":111129,"minecraft:damage_taken":613,"minecraft:walk_one_cm":59937,"minecraft:damage_blocked_by_shield":990,"minecraft:drop":8,"minecraft:damage_dealt":5988,"minecraft:swim_one_cm":5310,"minecraft:fly_one_cm":129334,"minecraft:crouch_one_cm":9538,"minecraft:play_time":38661,"minecraft:sneak_time":3210,"minecraft:walk_under_water_one_cm":1480,"minecraft:jump":784,"minecraft:walk_on_water_one_cm":2643,"minecraft:total_world_time":38661,"minecraft:fall_one_cm":20584},"minecraft:broken":{"minecraft:stone_pickaxe":1},"minecraft:killed":{"minecraft:pig":14,"minecraft:spider":1,"minecraft:creeper":4,"minecraft:sheep":1,"minecraft:skeleton":12,"minecraft:zombie":7,"minecraft:chicken":3,"minecraft:cow":1},"minecraft:dropped":{"minecraft:wheat_seeds":1,"minecraft:stone_sword":1,"minecraft:glow_lichen":1,"minecraft:wooden_axe":1,"minecraft:bow":2,"minecraft:stone_pickaxe":1,"minecraft:wooden_pickaxe":1}},"DataVersion":3120}